{
    "models": {
        "KNN": {
            "Modelo": "KNN",
            "Accuracy": 0.6323237205305837,
            "Precision": 0.6312972185025846,
            "Recall": 0.6323237205305837,
            "F1-Score": 0.6305443034675481,
            "CV Mean": 0.6208182288969446,
            "CV Std": 0.0030217584828761204,
            "Tempo (s)": 12.981184482574463
        },
        "Decision Tree": {
            "Modelo": "Decision Tree",
            "Accuracy": 0.9857956071102518,
            "Precision": 0.98580913637219,
            "Recall": 0.9857956071102518,
            "F1-Score": 0.985800938131855,
            "CV Mean": 0.9850739398124172,
            "CV Std": 0.0011220290918958573,
            "Tempo (s)": 5.287643194198608
        },
        "Logistic Regression": {
            "Modelo": "Logistic Regression",
            "Accuracy": 0.5756941088018903,
            "Precision": 0.5769898401945446,
            "Recall": 0.5756941088018903,
            "F1-Score": 0.576219441197237,
            "CV Mean": 0.5785833477185108,
            "CV Std": 0.0017777751555166485,
            "Tempo (s)": 13.732984781265259
        },
        "Random Forest": {
            "Modelo": "Random Forest",
            "Accuracy": 0.9783846195156006,
            "Precision": 0.9785293364590326,
            "Recall": 0.9783846195156006,
            "F1-Score": 0.9784232363940872,
            "CV Mean": 0.9783301685942805,
            "CV Std": 0.00046944192541275356,
            "Tempo (s)": 19.046897411346436
        },
        "Extra Trees": {
            "Modelo": "Extra Trees",
            "Accuracy": 0.6577520004296225,
            "Precision": 0.6644403198491707,
            "Recall": 0.6577520004296225,
            "F1-Score": 0.6595375208191944,
            "CV Mean": 0.670475861672133,
            "CV Std": 0.006681009200187816,
            "Tempo (s)": 6.3671581745147705
        },
        "Gradient Boosting": {
            "Modelo": "Gradient Boosting",
            "Accuracy": 0.9843724826808442,
            "Precision": 0.984399110860872,
            "Recall": 0.9843724826808442,
            "F1-Score": 0.9843820043960625,
            "CV Mean": 0.9834282755049197,
            "CV Std": 0.0007569173670478489,
            "Tempo (s)": 107.51493167877197
        },
        "Naive Bayes": {
            "Modelo": "Naive Bayes",
            "Accuracy": 0.6132323720530584,
            "Precision": 0.6470508872015582,
            "Recall": 0.6132323720530584,
            "F1-Score": 0.5948412785208695,
            "CV Mean": 0.6122101386731112,
            "CV Std": 0.0037737933325270026,
            "Tempo (s)": 0.7536411285400391
        }
    },
    "feature_selection": {
        "SelectKBest": [
            "PRODUCAO",
            "AREA_PLANTADA",
            "VALOR_BRUTO",
            "diversidade_produtiva",
            "VBP_POR_HA",
            "INTENSIDADE_ECONOMICA",
            "GRUPO_CULTURA_Frutas",
            "GRUPO_CULTURA_Grãos",
            "GRUPO_CULTURA_Hortaliças",
            "GRUPO_CULTURA_Pecuária"
        ],
        "Importance": [
            {
                "feature": "VALOR_BRUTO",
                "importance": 0.26981816489275656
            },
            {
                "feature": "AREA_PLANTADA",
                "importance": 0.26174366177106106
            },
            {
                "feature": "PRODUCAO",
                "importance": 0.22887510224205246
            },
            {
                "feature": "diversidade_produtiva",
                "importance": 0.12698624746367101
            },
            {
                "feature": "PRODUTIVIDADE",
                "importance": 0.031696674851096576
            },
            {
                "feature": "INTENSIDADE_ECONOMICA",
                "importance": 0.02819497584361921
            },
            {
                "feature": "VBP_POR_HA",
                "importance": 0.02178723532387749
            },
            {
                "feature": "GRUPO_CULTURA_Grãos",
                "importance": 0.014003688750000624
            },
            {
                "feature": "ANO",
                "importance": 0.0075108880390933105
            },
            {
                "feature": "GRUPO_CULTURA_Hortaliças",
                "importance": 0.00609016818133766
            },
            {
                "feature": "GRUPO_CULTURA_Frutas",
                "importance": 0.0025096687589907856
            },
            {
                "feature": "GRUPO_CULTURA_Pecuária",
                "importance": 0.0007835238824432988
            }
        ]
    },
    "clustering": {},
    "timestamp": "2026-01-06 10:48:58"
}